[
  {
    "id": "ARVIK_DX20E",
    "name": "Arvik DX20E",
    "category_main": "Vehicles - Rock Trucks",
    "category_sub": "",
    "bucket_capacity_m3": 0.0,
    "truck_capacity_m3": 23.0,
    "tank_capacity_l": 150.0,
    "fuel_use_l_per_hour": 10.0,
    "purchase_price": 180000.0,
    "active": 1,
    "notes": "Tested capacity: 4 loader buckets = 34.0 yd3 (actual working capacity with overload"
  },
  {
    "id": "ARVIK_DX20E_NO_TAILGATE",
    "name": "Arvik DX20E No Tailgate",
    "category_main": "Vehicles - Rock Trucks",
    "category_sub": "",
    "bucket_capacity_m3": 0.0,
    "truck_capacity_m3": 23.0,
    "tank_capacity_l": 150.0,
    "fuel_use_l_per_hour": 10.0,
    "purchase_price": 180000.0,
    "active": 1,
    "notes": ""
  },
  {
    "id": "ARVIK_DX40E",
    "name": "Arvik DX40E",
    "category_main": "Vehicles - Rock Trucks",
    "category_sub": "",
    "bucket_capacity_m3": 0.0,
    "truck_capacity_m3": 30.0,
    "tank_capacity_l": 160.0,
    "fuel_use_l_per_hour": 12.0,
    "purchase_price": 344000.0,
    "active": 1,
    "notes": ""
  },
  {
    "id": "ARVIK_DX40E_NO_TAILGATE",
    "name": "Arvik DX40E No Tailgate",
    "category_main": "Vehicles - Rock Trucks",
    "category_sub": "",
    "bucket_capacity_m3": 0.0,
    "truck_capacity_m3": 30.0,
    "tank_capacity_l": 160.0,
    "fuel_use_l_per_hour": 12.0,
    "purchase_price": 344000.0,
    "active": 1,
    "notes": ""
  },
  {
    "id": "ARVIK_DX60E",
    "name": "Arvik DX60E",
    "category_main": "Vehicles - Rock Trucks",
    "category_sub": "",
    "bucket_capacity_m3": 0.0,
    "truck_capacity_m3": 36.0,
    "tank_capacity_l": 200.0,
    "fuel_use_l_per_hour": 15.0,
    "purchase_price": 445000.0,
    "active": 1,
    "notes": ""
  },
  {
    "id": "ARVIK_DX60E_NO_TAILGATE",
    "name": "Arvik DX60E No Tailgate",
    "category_main": "Vehicles - Rock Trucks",
    "category_sub": "",
    "bucket_capacity_m3": 0.0,
    "truck_capacity_m3": 36.0,
    "tank_capacity_l": 200.0,
    "fuel_use_l_per_hour": 15.0,
    "purchase_price": 445000.0,
    "active": 1,
    "notes": ""
  },
  {
    "id": "ARVIK_HT200E",
    "name": "Arvik HT200E",
    "category_main": "Vehicles - Rock Trucks",
    "category_sub": "",
    "bucket_capacity_m3": 0.0,
    "truck_capacity_m3": 100.0,
    "tank_capacity_l": 1500.0,
    "fuel_use_l_per_hour": 35.0,
    "purchase_price": 3532000.0,
    "active": 1,
    "notes": ""
  },
  {
    "id": "ARVIK_HT300E",
    "name": "Arvik HT300E",
    "category_main": "Vehicles - Rock Trucks",
    "category_sub": "",
    "bucket_capacity_m3": 0.0,
    "truck_capacity_m3": 220.0,
    "tank_capacity_l": 7500.0,
    "fuel_use_l_per_hour": 42.0,
    "purchase_price": 4870000.0,
    "active": 1,
    "notes": ""
  },
  {
    "id": "ARVIK_HT400E",
    "name": "Arvik HT400E",
    "category_main": "Vehicles - Rock Trucks",
    "category_sub": "",
    "bucket_capacity_m3": 0.0,
    "truck_capacity_m3": 320.0,
    "tank_capacity_l": 7500.0,
    "fuel_use_l_per_hour": 50.0,
    "purchase_price": 6105000.0,
    "active": 1,
    "notes": ""
  },
  {
    "id": "EMILIAN_DX40E",
    "name": "Emilian DX40E",
    "category_main": "Vehicles - Rock Trucks",
    "category_sub": "",
    "bucket_capacity_m3": 0.0,
    "truck_capacity_m3": 24.0,
    "tank_capacity_l": 560.0,
    "fuel_use_l_per_hour": 30.0,
    "purchase_price": 322710.0,
    "active": 1,
    "notes": ""
  },
  {
    "id": "ARVIK_EX500D",
    "name": "Arvik EX500D",
    "category_main": "Vehicles - Excavators",
    "category_sub": "",
    "bucket_capacity_m3": 3.7,
    "truck_capacity_m3": 0.0,
    "tank_capacity_l": 1000.0,
    "fuel_use_l_per_hour": 30.0,
    "purchase_price": 412000.0,
    "active": 1,
    "notes": ""
  },
  {
    "id": "ATTILA_CABLE_EX200A",
    "name": "Attila Cable EX200A",
    "category_main": "Vehicles - Excavators",
    "category_sub": "",
    "bucket_capacity_m3": 1.6,
    "truck_capacity_m3": 0.0,
    "tank_capacity_l": 250.0,
    "fuel_use_l_per_hour": 35.0,
    "purchase_price": 79000.0,
    "active": 1,
    "notes": ""
  },
  {
    "id": "ATTILA_CABLE_EX200A1",
    "name": "Attila Cable EX200A1",
    "category_main": "Vehicles - Excavators",
    "category_sub": "",
    "bucket_capacity_m3": 0.8,
    "truck_capacity_m3": 0.0,
    "tank_capacity_l": 250.0,
    "fuel_use_l_per_hour": 32.0,
    "purchase_price": 68000.0,
    "active": 1,
    "notes": ""
  },
  {
    "id": "ATTILA_CABLE_EX300A",
    "name": "Attila Cable EX300A",
    "category_main": "Vehicles - Excavators",
    "category_sub": "",
    "bucket_capacity_m3": 1.4,
    "truck_capacity_m3": 0.0,
    "tank_capacity_l": 250.0,
    "fuel_use_l_per_hour": 35.0,
    "purchase_price": 104000.0,
    "active": 1,
    "notes": ""
  },
  {
    "id": "ATTILA_CABLE_EX500A",
    "name": "Attila Cable EX500A",
    "category_main": "Vehicles - Excavators",
    "category_sub": "",
    "bucket_capacity_m3": 1.8,
    "truck_capacity_m3": 0.0,
    "tank_capacity_l": 450.0,
    "fuel_use_l_per_hour": 55.0,
    "purchase_price": 132000.0,
    "active": 1,
    "notes": ""
  },
  {
    "id": "ATTILA_EW200A_B100",
    "name": "Attila EW200A B100",
    "category_main": "Vehicles - Excavators",
    "category_sub": "",
    "bucket_capacity_m3": 0.0,
    "truck_capacity_m3": 0.0,
    "tank_capacity_l": 250.0,
    "fuel_use_l_per_hour": 20.0,
    "purchase_price": 132000.0,
    "active": 1,
    "notes": ""
  },
  {
    "id": "ATTILA_EX200A",
    "name": "Attila EX200A",
    "category_main": "Vehicles - Excavators",
    "category_sub": "",
    "bucket_capacity_m3": 0.8,
    "truck_capacity_m3": 0.0,
    "tank_capacity_l": 220.0,
    "fuel_use_l_per_hour": 30.0,
    "purchase_price": 75000.0,
    "active": 1,
    "notes": ""
  },
  {
    "id": "ATTILA_EX300A",
    "name": "Attila EX300A",
    "category_main": "Vehicles - Excavators",
    "category_sub": "",
    "bucket_capacity_m3": 2.8,
    "truck_capacity_m3": 0.0,
    "tank_capacity_l": 220.0,
    "fuel_use_l_per_hour": 32.0,
    "purchase_price": 15000.0,
    "active": 1,
    "notes": ""
  },
  {
    "id": "ATTILA_EX500A",
    "name": "Attila EX500A",
    "category_main": "Vehicles - Excavators",
    "category_sub": "",
    "bucket_capacity_m3": 3.7,
    "truck_capacity_m3": 0.0,
    "tank_capacity_l": 460.0,
    "fuel_use_l_per_hour": 48.0,
    "purchase_price": 172000.0,
    "active": 1,
    "notes": ""
  },
  {
    "id": "BAGGER_681",
    "name": "Bagger 681",
    "category_main": "Vehicles - Excavators",
    "category_sub": "",
    "bucket_capacity_m3": 0.0,
    "truck_capacity_m3": 0.0,
    "tank_capacity_l": 4200.0,
    "fuel_use_l_per_hour": 100.0,
    "purchase_price": 4250000.0,
    "active": 1,
    "notes": ""
  },
  {
    "id": "BAGGER_693",
    "name": "Bagger 693",
    "category_main": "Vehicles - Excavators",
    "category_sub": "",
    "bucket_capacity_m3": 0.0,
    "truck_capacity_m3": 0.0,
    "tank_capacity_l": 6300.0,
    "fuel_use_l_per_hour": 150.0,
    "purchase_price": 7250000.0,
    "active": 1,
    "notes": ""
  },
  {
    "id": "CHARITON_CABLE_EX2000D",
    "name": "Chariton Cable EX2000D",
    "category_main": "Vehicles - Excavators",
    "category_sub": "",
    "bucket_capacity_m3": 5.5,
    "truck_capacity_m3": 0.0,
    "tank_capacity_l": 1000.0,
    "fuel_use_l_per_hour": 40.0,
    "purchase_price": 754000.0,
    "active": 1,
    "notes": ""
  },
  {
    "id": "CHARITON_CABLE_EX4000D",
    "name": "Chariton Cable EX4000D",
    "category_main": "Vehicles - Excavators",
    "category_sub": "",
    "bucket_capacity_m3": 10.6,
    "truck_capacity_m3": 0.0,
    "tank_capacity_l": 250.0,
    "fuel_use_l_per_hour": 70.0,
    "purchase_price": 1620000.0,
    "active": 1,
    "notes": ""
  },
  {
    "id": "CHARITON_CABLE_EX8000D",
    "name": "Chariton Cable EX8000D",
    "category_main": "Vehicles - Excavators",
    "category_sub": "",
    "bucket_capacity_m3": 31.0,
    "truck_capacity_m3": 0.0,
    "tank_capacity_l": 10000.0,
    "fuel_use_l_per_hour": 90.0,
    "purchase_price": 2620000.0,
    "active": 1,
    "notes": ""
  },
  {
    "id": "CHARITON_EW200D",
    "name": "Chariton EW200D",
    "category_main": "Vehicles - Excavators",
    "category_sub": "",
    "bucket_capacity_m3": 1.6,
    "truck_capacity_m3": 0.0,
    "tank_capacity_l": 250.0,
    "fuel_use_l_per_hour": 15.0,
    "purchase_price": 164000.0,
    "active": 1,
    "notes": ""
  },
  {
    "id": "CHARITON_EWC200D",
    "name": "Chariton EWC200D",
    "category_main": "Vehicles - Excavators",
    "category_sub": "",
    "bucket_capacity_m3": 1.6,
    "truck_capacity_m3": 0.0,
    "tank_capacity_l": 220.0,
    "fuel_use_l_per_hour": 10.0,
    "purchase_price": 235000.0,
    "active": 1,
    "notes": ""
  },
  {
    "id": "CHARITON_EX2000D",
    "name": "Chariton EX2000D",
    "category_main": "Vehicles - Excavators",
    "category_sub": "",
    "bucket_capacity_m3": 5.5,
    "truck_capacity_m3": 0.0,
    "tank_capacity_l": 1000.0,
    "fuel_use_l_per_hour": 50.0,
    "purchase_price": 654000.0,
    "active": 1,
    "notes": "Mid-size excavator - bucket capacity"
  },
  {
    "id": "CHARITON_EX200A",
    "name": "Chariton EX200A",
    "category_main": "Vehicles - Excavators",
    "category_sub": "",
    "bucket_capacity_m3": 1.6,
    "truck_capacity_m3": 0.0,
    "tank_capacity_l": 250.0,
    "fuel_use_l_per_hour": 35.0,
    "purchase_price": 86000.0,
    "active": 1,
    "notes": "Mid-size excavator - bucket capacity"
  },
  {
    "id": "CHARITON_EX200D",
    "name": "Chariton EX200D",
    "category_main": "Vehicles - Excavators",
    "category_sub": "",
    "bucket_capacity_m3": 1.6,
    "truck_capacity_m3": 0.0,
    "tank_capacity_l": 160.0,
    "fuel_use_l_per_hour": 10.0,
    "purchase_price": 186000.0,
    "active": 1,
    "notes": ""
  },
  {
    "id": "CHARITON_EX200D_LONG_BOOM",
    "name": "Chariton EX200D (Long boom)",
    "category_main": "Vehicles - Excavators",
    "category_sub": "",
    "bucket_capacity_m3": 0.9,
    "truck_capacity_m3": 0.0,
    "tank_capacity_l": 160.0,
    "fuel_use_l_per_hour": 10.0,
    "purchase_price": 312500.0,
    "active": 1,
    "notes": ""
  },
  {
    "id": "CHARITON_EX200D_B100",
    "name": "Chariton EX200D B100",
    "category_main": "Vehicles - Excavators",
    "category_sub": "",
    "bucket_capacity_m3": 0.0,
    "truck_capacity_m3": 0.0,
    "tank_capacity_l": 160.0,
    "fuel_use_l_per_hour": 10.0,
    "purchase_price": 175000.0,
    "active": 1,
    "notes": ""
  },
  {
    "id": "CHARITON_EX300D",
    "name": "Chariton EX300D",
    "category_main": "Vehicles - Excavators",
    "category_sub": "",
    "bucket_capacity_m3": 2.8,
    "truck_capacity_m3": 0.0,
    "tank_capacity_l": 320.0,
    "fuel_use_l_per_hour": 20.0,
    "purchase_price": 225000.0,
    "active": 1,
    "notes": ""
  },
  {
    "id": "CHARITON_EX300D_B120",
    "name": "Chariton EX300D B120",
    "category_main": "Vehicles - Excavators",
    "category_sub": "",
    "bucket_capacity_m3": 0.0,
    "truck_capacity_m3": 0.0,
    "tank_capacity_l": 300.0,
    "fuel_use_l_per_hour": 20.0,
    "purchase_price": 227500.0,
    "active": 1,
    "notes": ""
  },
  {
    "id": "CHARITON_EX4000D",
    "name": "Chariton EX4000D",
    "category_main": "Vehicles - Excavators",
    "category_sub": "",
    "bucket_capacity_m3": 10.6,
    "truck_capacity_m3": 0.0,
    "tank_capacity_l": 3000.0,
    "fuel_use_l_per_hour": 100.0,
    "purchase_price": 1435000.0,
    "active": 1,
    "notes": "Heavy duty excacation - bucket capacity"
  },
  {
    "id": "CHARITON_EX4000FS",
    "name": "Chariton EX4000FS",
    "category_main": "Vehicles - Excavators",
    "category_sub": "",
    "bucket_capacity_m3": 15.2,
    "truck_capacity_m3": 0.0,
    "tank_capacity_l": 3000.0,
    "fuel_use_l_per_hour": 100.0,
    "purchase_price": 1795000.0,
    "active": 1,
    "notes": ""
  },
  {
    "id": "CHARITON_EX400D_LONG_BOOM",
    "name": "Chariton EX400D (Long boom)",
    "category_main": "Vehicles - Excavators",
    "category_sub": "",
    "bucket_capacity_m3": 1.8,
    "truck_capacity_m3": 0.0,
    "tank_capacity_l": 1000.0,
    "fuel_use_l_per_hour": 25.0,
    "purchase_price": 415000.0,
    "active": 1,
    "notes": ""
  },
  {
    "id": "CHARITON_EX500B",
    "name": "Chariton EX500B",
    "category_main": "Vehicles - Excavators",
    "category_sub": "",
    "bucket_capacity_m3": 3.7,
    "truck_capacity_m3": 0.0,
    "tank_capacity_l": 150.0,
    "fuel_use_l_per_hour": 45.0,
    "purchase_price": 226000.0,
    "active": 1,
    "notes": ""
  },
  {
    "id": "CHARITON_EX500D",
    "name": "Chariton EX500D",
    "category_main": "Vehicles - Excavators",
    "category_sub": "",
    "bucket_capacity_m3": 3.7,
    "truck_capacity_m3": 0.0,
    "tank_capacity_l": 1000.0,
    "fuel_use_l_per_hour": 30.0,
    "purchase_price": 367000.0,
    "active": 1,
    "notes": ""
  },
  {
    "id": "CHARITON_EX500D_B140",
    "name": "Chariton EX500D B140",
    "category_main": "Vehicles - Excavators",
    "category_sub": "",
    "bucket_capacity_m3": 0.0,
    "truck_capacity_m3": 0.0,
    "tank_capacity_l": 300.0,
    "fuel_use_l_per_hour": 30.0,
    "purchase_price": 341250.0,
    "active": 1,
    "notes": ""
  },
  {
    "id": "CHARITON_EX500FS",
    "name": "Chariton EX500FS",
    "category_main": "Vehicles - Excavators",
    "category_sub": "",
    "bucket_capacity_m3": 5.0,
    "truck_capacity_m3": 0.0,
    "tank_capacity_l": 300.0,
    "fuel_use_l_per_hour": 30.0,
    "purchase_price": 542000.0,
    "active": 1,
    "notes": ""
  },
  {
    "id": "CHARITON_EX600D_LONG_BOOM",
    "name": "Chariton EX600D (Long boom)",
    "category_main": "Vehicles - Excavators",
    "category_sub": "",
    "bucket_capacity_m3": 3.4,
    "truck_capacity_m3": 0.0,
    "tank_capacity_l": 1500.0,
    "fuel_use_l_per_hour": 85.0,
    "purchase_price": 421000.0,
    "active": 1,
    "notes": ""
  },
  {
    "id": "CHARITON_EX8000D",
    "name": "Chariton EX8000D",
    "category_main": "Vehicles - Excavators",
    "category_sub": "",
    "bucket_capacity_m3": 37.6,
    "truck_capacity_m3": 0.0,
    "tank_capacity_l": 10000.0,
    "fuel_use_l_per_hour": 110.0,
    "purchase_price": 2435000.0,
    "active": 1,
    "notes": ""
  },
  {
    "id": "CHARITON_EX8000FS",
    "name": "Chariton EX8000FS",
    "category_main": "Vehicles - Excavators",
    "category_sub": "",
    "bucket_capacity_m3": 42.0,
    "truck_capacity_m3": 0.0,
    "tank_capacity_l": 10000.0,
    "fuel_use_l_per_hour": 110.0,
    "purchase_price": 2795000.0,
    "active": 1,
    "notes": ""
  },
  {
    "id": "LEGAU_EW200D_ZERO_SWING",
    "name": "Legau EW200D Zero Swing",
    "category_main": "Vehicles - Excavators",
    "category_sub": "",
    "bucket_capacity_m3": 1.6,
    "truck_capacity_m3": 0.0,
    "tank_capacity_l": 220.0,
    "fuel_use_l_per_hour": 10.0,
    "purchase_price": 174000.0,
    "active": 1,
    "notes": ""
  },
  {
    "id": "LEGAU_EW200D_ZERO_SWING_B100",
    "name": "Legau EW200D Zero Swing B100",
    "category_main": "Vehicles - Excavators",
    "category_sub": "",
    "bucket_capacity_m3": 0.0,
    "truck_capacity_m3": 0.0,
    "tank_capacity_l": 250.0,
    "fuel_use_l_per_hour": 15.0,
    "purchase_price": 194000.0,
    "active": 1,
    "notes": ""
  },
  {
    "id": "LEGAU_EX200D_SERO_SWING",
    "name": "Legau EX200D Sero Swing",
    "category_main": "Vehicles - Excavators",
    "category_sub": "",
    "bucket_capacity_m3": 1.6,
    "truck_capacity_m3": 0.0,
    "tank_capacity_l": 220.0,
    "fuel_use_l_per_hour": 10.0,
    "purchase_price": 186000.0,
    "active": 1,
    "notes": ""
  },
  {
    "id": "ARVIK_L10",
    "name": "Arvik L10",
    "category_main": "Vehicles - Loaders",
    "category_sub": "",
    "bucket_capacity_m3": 7.3,
    "truck_capacity_m3": 0.0,
    "tank_capacity_l": 200.0,
    "fuel_use_l_per_hour": 16.0,
    "purchase_price": 198000.0,
    "active": 1,
    "notes": ""
  },
  {
    "id": "ARVIK_L10000",
    "name": "Arvik L10000",
    "category_main": "Vehicles - Loaders",
    "category_sub": "",
    "bucket_capacity_m3": 7.3,
    "truck_capacity_m3": 0.0,
    "tank_capacity_l": 350.0,
    "fuel_use_l_per_hour": 35.0,
    "purchase_price": 78000.0,
    "active": 1,
    "notes": ""
  },
  {
    "id": "ARVIK_L11",
    "name": "Arvik L11",
    "category_main": "Vehicles - Loaders",
    "category_sub": "",
    "bucket_capacity_m3": 10.0,
    "truck_capacity_m3": 0.0,
    "tank_capacity_l": 200.0,
    "fuel_use_l_per_hour": 17.0,
    "purchase_price": 234000.0,
    "active": 1,
    "notes": ""
  },
  {
    "id": "ARVIK_L1665",
    "name": "Arvik L1665",
    "category_main": "Vehicles - Loaders",
    "category_sub": "",
    "bucket_capacity_m3": 21.5,
    "truck_capacity_m3": 0.0,
    "tank_capacity_l": 8000.0,
    "fuel_use_l_per_hour": 70.0,
    "purchase_price": 1640000.0,
    "active": 1,
    "notes": ""
  },
  {
    "id": "ARVIK_L2335",
    "name": "Arvik L2335",
    "category_main": "Vehicles - Loaders",
    "category_sub": "",
    "bucket_capacity_m3": 48.0,
    "truck_capacity_m3": 0.0,
    "tank_capacity_l": 8500.0,
    "fuel_use_l_per_hour": 85.0,
    "purchase_price": 1940000.0,
    "active": 1,
    "notes": ""
  },
  {
    "id": "ARVIK_L8",
    "name": "Arvik L8",
    "category_main": "Vehicles - Loaders",
    "category_sub": "",
    "bucket_capacity_m3": 6.5,
    "truck_capacity_m3": 0.0,
    "tank_capacity_l": 200.0,
    "fuel_use_l_per_hour": 13.0,
    "purchase_price": 126000.0,
    "active": 1,
    "notes": ""
  },
  {
    "id": "ARVIK_L8000",
    "name": "Arvik L8000",
    "category_main": "Vehicles - Loaders",
    "category_sub": "",
    "bucket_capacity_m3": 6.5,
    "truck_capacity_m3": 0.0,
    "tank_capacity_l": 200.0,
    "fuel_use_l_per_hour": 27.0,
    "purchase_price": 46000.0,
    "active": 1,
    "notes": "Verified: 8.5 yd3 bucket - 4 buckets fill DX20E truck"
  },
  {
    "id": "ARVIK_L9",
    "name": "Arvik L9",
    "category_main": "Vehicles - Loaders",
    "category_sub": "",
    "bucket_capacity_m3": 6.8,
    "truck_capacity_m3": 0.0,
    "tank_capacity_l": 200.0,
    "fuel_use_l_per_hour": 10.0,
    "purchase_price": 155000.0,
    "active": 1,
    "notes": ""
  },
  {
    "id": "EMILIAN_L9",
    "name": "Emilian L9",
    "category_main": "Vehicles - Loaders",
    "category_sub": "",
    "bucket_capacity_m3": 6.7,
    "truck_capacity_m3": 0.0,
    "tank_capacity_l": 500.0,
    "fuel_use_l_per_hour": 20.0,
    "purchase_price": 420000.0,
    "active": 1,
    "notes": ""
  },
  {
    "id": "ARVIK_L9_ASPHALT_ROLLER",
    "name": "Arvik L9 Asphalt Roller",
    "category_main": "Vehicles - Paving",
    "category_sub": "",
    "bucket_capacity_m3": 0.0,
    "truck_capacity_m3": 0.0,
    "tank_capacity_l": 150.0,
    "fuel_use_l_per_hour": 10.0,
    "purchase_price": 63000.0,
    "active": 1,
    "notes": ""
  },
  {
    "id": "ARVIK_L9_ROLLER",
    "name": "Arvik L9 Roller",
    "category_main": "Vehicles - Paving",
    "category_sub": "",
    "bucket_capacity_m3": 0.0,
    "truck_capacity_m3": 0.0,
    "tank_capacity_l": 250.0,
    "fuel_use_l_per_hour": 16.0,
    "purchase_price": 83000.0,
    "active": 1,
    "notes": ""
  },
  {
    "id": "SANDVIK_AP310_PAVER",
    "name": "Sandvik AP310 Paver",
    "category_main": "Vehicles - Paving",
    "category_sub": "",
    "bucket_capacity_m3": 5.2,
    "truck_capacity_m3": 0.0,
    "tank_capacity_l": 150.0,
    "fuel_use_l_per_hour": 8.0,
    "purchase_price": 262710.0,
    "active": 1,
    "notes": ""
  },
  {
    "id": "CHARITON_DX1000",
    "name": "Chariton DX1000",
    "category_main": "Vehicles - Dozers",
    "category_sub": "",
    "bucket_capacity_m3": 1.2,
    "truck_capacity_m3": 0.0,
    "tank_capacity_l": 1300.0,
    "fuel_use_l_per_hour": 35.0,
    "purchase_price": 1345000.0,
    "active": 1,
    "notes": ""
  },
  {
    "id": "CHARITON_DX100A",
    "name": "Chariton DX100A",
    "category_main": "Vehicles - Dozers",
    "category_sub": "",
    "bucket_capacity_m3": 1.2,
    "truck_capacity_m3": 0.0,
    "tank_capacity_l": 750.0,
    "fuel_use_l_per_hour": 65.0,
    "purchase_price": 345000.0,
    "active": 1,
    "notes": ""
  },
  {
    "id": "CHARITON_DX11000",
    "name": "Chariton DX11000",
    "category_main": "Vehicles - Dozers",
    "category_sub": "",
    "bucket_capacity_m3": 1.2,
    "truck_capacity_m3": 0.0,
    "tank_capacity_l": 2000.0,
    "fuel_use_l_per_hour": 40.0,
    "purchase_price": 1757000.0,
    "active": 1,
    "notes": ""
  },
  {
    "id": "CHARITON_DX900",
    "name": "Chariton DX900",
    "category_main": "Vehicles - Dozers",
    "category_sub": "",
    "bucket_capacity_m3": 1.2,
    "truck_capacity_m3": 0.0,
    "tank_capacity_l": 1000.0,
    "fuel_use_l_per_hour": 30.0,
    "purchase_price": 884000.0,
    "active": 1,
    "notes": ""
  },
  {
    "id": "CHARITON_DX900_6WAY",
    "name": "Chariton DX900 6-Way",
    "category_main": "Vehicles - Dozers",
    "category_sub": "",
    "bucket_capacity_m3": 1.2,
    "truck_capacity_m3": 0.0,
    "tank_capacity_l": 850.0,
    "fuel_use_l_per_hour": 30.0,
    "purchase_price": 884000.0,
    "active": 1,
    "notes": ""
  },
  {
    "id": "CHARITON_G150E",
    "name": "Chariton G150E",
    "category_main": "Vehicles - Graders",
    "category_sub": "",
    "bucket_capacity_m3": 1.2,
    "truck_capacity_m3": 0.0,
    "tank_capacity_l": 160.0,
    "fuel_use_l_per_hour": 12.0,
    "purchase_price": 104000.0,
    "active": 1,
    "notes": ""
  },
  {
    "id": "CHARITON_G200E",
    "name": "Chariton G200E",
    "category_main": "Vehicles - Graders",
    "category_sub": "",
    "bucket_capacity_m3": 1.2,
    "truck_capacity_m3": 0.0,
    "tank_capacity_l": 200.0,
    "fuel_use_l_per_hour": 15.0,
    "purchase_price": 393000.0,
    "active": 1,
    "notes": ""
  },
  {
    "id": "DRONE",
    "name": "Drone",
    "category_main": "Vehicles - Flying",
    "category_sub": "",
    "bucket_capacity_m3": 0.0,
    "truck_capacity_m3": 0.0,
    "tank_capacity_l": 0.0,
    "fuel_use_l_per_hour": 0.0,
    "purchase_price": 32210.0,
    "active": 1,
    "notes": ""
  },
  {
    "id": "EMILIAN_TUNNELER_E200DR",
    "name": "Emilian Tunneler E200DR",
    "category_main": "Vehicles - Tunneler",
    "category_sub": "",
    "bucket_capacity_m3": 10.0,
    "truck_capacity_m3": 0.0,
    "tank_capacity_l": 500.0,
    "fuel_use_l_per_hour": 25.0,
    "purchase_price": 322710.0,
    "active": 1,
    "notes": ""
  },
  {
    "id": "EMILIAN_TUNNELER_E200DS",
    "name": "Emilian Tunneler E200DS",
    "category_main": "Vehicles - Tunneler",
    "category_sub": "",
    "bucket_capacity_m3": 10.0,
    "truck_capacity_m3": 0.0,
    "tank_capacity_l": 500.0,
    "fuel_use_l_per_hour": 25.0,
    "purchase_price": 322710.0,
    "active": 1,
    "notes": ""
  },
  {
    "id": "PETWORTH_W389",
    "name": "Petworth W389",
    "category_main": "Vehicles - Trucks",
    "category_sub": "",
    "bucket_capacity_m3": 0.0,
    "truck_capacity_m3": 10.0,
    "tank_capacity_l": 500.0,
    "fuel_use_l_per_hour": 13.0,
    "purchase_price": 171000.0,
    "active": 1,
    "notes": ""
  },
  {
    "id": "SANDVIK_S150_2WD",
    "name": "Sandvik S150 2WD",
    "category_main": "Vehicles - Trucks",
    "category_sub": "",
    "bucket_capacity_m3": 0.0,
    "truck_capacity_m3": 0.0,
    "tank_capacity_l": 100.0,
    "fuel_use_l_per_hour": 3.0,
    "purchase_price": 32710.0,
    "active": 1,
    "notes": ""
  },
  {
    "id": "SANDVIK_S150_4WD",
    "name": "Sandvik S150 4WD",
    "category_main": "Vehicles - Trucks",
    "category_sub": "",
    "bucket_capacity_m3": 0.0,
    "truck_capacity_m3": 1.2,
    "tank_capacity_l": 100.0,
    "fuel_use_l_per_hour": 5.0,
    "purchase_price": 62710.0,
    "active": 1,
    "notes": ""
  },
  {
    "id": "SANDVIK_S700NG",
    "name": "Sandvik S700NG",
    "category_main": "Vehicles - Trucks",
    "category_sub": "",
    "bucket_capacity_m3": 0.0,
    "truck_capacity_m3": 10.0,
    "tank_capacity_l": 500.0,
    "fuel_use_l_per_hour": 12.0,
    "purchase_price": 184000.0,
    "active": 1,
    "notes": ""
  },
  {
    "id": "SANDVIK_S700NG_FUEL",
    "name": "Sandvik S700NG Fuel",
    "category_main": "Vehicles - Fuel Trucks",
    "category_sub": "",
    "bucket_capacity_m3": 0.0,
    "truck_capacity_m3": 0.0,
    "tank_capacity_l": 500.0,
    "fuel_use_l_per_hour": 10.0,
    "purchase_price": 197000.0,
    "active": 1,
    "notes": ""
  }
]