[
  {
    "name": "Big Hopper",
    "category": "Factory - Conveyors",
    "dimensions": "8m x 2m",
    "speed": "30 M/s",
    "power_kw": 42,
    "generated_kw": null,
    "capacity": null,
    "connections": 1,
    "price": 4500
  },
  {
    "name": "Big Hopper Dual Outputs",
    "category": "Factory - Conveyors",
    "dimensions": "8m x 2m",
    "speed": "60 M/s",
    "power_kw": 84,
    "generated_kw": null,
    "capacity": null,
    "connections": 1,
    "price": 9800
  },
  {
    "name": "Chute",
    "category": "Factory - Conveyors",
    "dimensions": "1m x 4m",
    "speed": "30 M/s",
    "power_kw": 5,
    "generated_kw": null,
    "capacity": null,
    "connections": 1,
    "price": 1500
  },
  {
    "name": "Down 4x4",
    "category": "Factory - Conveyors",
    "dimensions": "4m x 4m",
    "speed": "30 M/s",
    "power_kw": 42,
    "generated_kw": null,
    "capacity": null,
    "connections": 1,
    "price": 4500
  },
  {
    "name": "Down 8x4",
    "category": "Factory - Conveyors",
    "dimensions": "8m x 4m",
    "speed": "30 M/s",
    "power_kw": 42,
    "generated_kw": null,
    "capacity": null,
    "connections": 1,
    "price": 4500
  },
  {
    "name": "Down 8x6",
    "category": "Factory - Conveyors",
    "dimensions": "8m x 6m",
    "speed": "30 M/s",
    "power_kw": 42,
    "generated_kw": null,
    "capacity": null,
    "connections": 1,
    "price": 4500
  },
  {
    "name": "Dump Deck",
    "category": "Factory - Conveyors",
    "dimensions": null,
    "speed": null,
    "power_kw": null,
    "generated_kw": null,
    "capacity": null,
    "connections": 1,
    "price": 2500
  },
  {
    "name": "Elevator 8m",
    "category": "Factory - Conveyors",
    "dimensions": "2m x 8m ",
    "speed": "30 M/s",
    "power_kw": 42,
    "generated_kw": null,
    "capacity": null,
    "connections": 1,
    "price": 4500
  },
  {
    "name": "Hopper",
    "category": "Factory - Conveyors",
    "dimensions": "4m x 2m",
    "speed": "30 M/s",
    "power_kw": 26,
    "generated_kw": null,
    "capacity": null,
    "connections": 1,
    "price": 4500
  },
  {
    "name": "Left 2x",
    "category": "Factory - Conveyors",
    "dimensions": "4m x 2m",
    "speed": "30 M/s",
    "power_kw": 34,
    "generated_kw": null,
    "capacity": null,
    "connections": 1,
    "price": 4500
  },
  {
    "name": "Merger",
    "category": "Factory - Conveyors",
    "dimensions": "6m x 2m",
    "speed": "30 M/s",
    "power_kw": 42,
    "generated_kw": null,
    "capacity": null,
    "connections": 1,
    "price": 5500
  },
  {
    "name": "Offset Left 4m",
    "category": "Factory - Conveyors",
    "dimensions": "8m x 2m",
    "speed": "30 M/s",
    "power_kw": 42,
    "generated_kw": null,
    "capacity": null,
    "connections": 1,
    "price": 4500
  },
  {
    "name": "Offset Right 4m",
    "category": "Factory - Conveyors",
    "dimensions": "8m x 2m",
    "speed": "30 M/s",
    "power_kw": 42,
    "generated_kw": null,
    "capacity": null,
    "connections": 1,
    "price": 4500
  },
  {
    "name": "Right 2x",
    "category": "Factory - Conveyors",
    "dimensions": "2m x 2m",
    "speed": "30 M/s",
    "power_kw": 34,
    "generated_kw": null,
    "capacity": null,
    "connections": 1,
    "price": 4500
  },
  {
    "name": "Splitter",
    "category": "Factory - Conveyors",
    "dimensions": "2m x 2m",
    "speed": "30 M/s",
    "power_kw": 18,
    "generated_kw": null,
    "capacity": null,
    "connections": 1,
    "price": 5500
  },
  {
    "name": "Storage",
    "category": "Factory - Conveyors",
    "dimensions": "6m x 2m",
    "speed": "30 M/s",
    "power_kw": 10,
    "generated_kw": null,
    "capacity": null,
    "connections": 1,
    "price": 6500
  },
  {
    "name": "Straight 2m",
    "category": "Factory - Conveyors",
    "dimensions": "2m x 2m",
    "speed": "30 M/s",
    "power_kw": 18,
    "generated_kw": null,
    "capacity": null,
    "connections": 1,
    "price": 1500
  },
  {
    "name": "Straight 4m",
    "category": "Factory - Conveyors",
    "dimensions": "4m x 2m",
    "speed": "30 M/s",
    "power_kw": 26,
    "generated_kw": null,
    "capacity": null,
    "connections": 1,
    "price": 2500
  },
  {
    "name": "Straight 6m",
    "category": "Factory - Conveyors",
    "dimensions": "6m x 2m",
    "speed": "30 M/s",
    "power_kw": 34,
    "generated_kw": null,
    "capacity": null,
    "connections": 1,
    "price": 3500
  },
  {
    "name": "Straight 8m",
    "category": "Factory - Conveyors",
    "dimensions": "8m x 2m",
    "speed": "30 M/s",
    "power_kw": 42,
    "generated_kw": null,
    "capacity": null,
    "connections": 1,
    "price": 4500
  },
  {
    "name": "Up 4x4",
    "category": "Factory - Conveyors",
    "dimensions": "4m x 4m",
    "speed": "30 M/s",
    "power_kw": 42,
    "generated_kw": null,
    "capacity": null,
    "connections": 1,
    "price": 4500
  },
  {
    "name": "Up 8x4",
    "category": "Factory - Conveyors",
    "dimensions": "8m x 4m",
    "speed": "30 M/s",
    "power_kw": 42,
    "generated_kw": null,
    "capacity": null,
    "connections": 1,
    "price": 4500
  },
  {
    "name": "Up 8x6",
    "category": "Factory - Conveyors",
    "dimensions": "8m x 6m",
    "speed": "30 M/s",
    "power_kw": 42,
    "generated_kw": null,
    "capacity": null,
    "connections": 1,
    "price": 4500
  },
  {
    "name": "Liquid Tank",
    "category": "Factory - Pipeline",
    "dimensions": "6m x 2m",
    "speed": "30 M/s",
    "power_kw": null,
    "generated_kw": null,
    "capacity": null,
    "connections": 1,
    "price": 6500
  },
  {
    "name": "Pipe Down 4x4",
    "category": "Factory - Pipeline",
    "dimensions": "4m x 4m",
    "speed": "30 M/s",
    "power_kw": null,
    "generated_kw": null,
    "capacity": null,
    "connections": 1,
    "price": 4500
  },
  {
    "name": "Pipe Down 8x4",
    "category": "Factory - Pipeline",
    "dimensions": "8m x 4m",
    "speed": "30 M/s",
    "power_kw": null,
    "generated_kw": null,
    "capacity": null,
    "connections": 1,
    "price": 4500
  },
  {
    "name": "Pipe Down 8x6",
    "category": "Factory - Pipeline",
    "dimensions": "8m x 6m ",
    "speed": "30 M/s",
    "power_kw": null,
    "generated_kw": null,
    "capacity": null,
    "connections": 1,
    "price": 4500
  },
  {
    "name": "Pipe Left 2m",
    "category": "Factory - Pipeline",
    "dimensions": "2m x 2m",
    "speed": "30 M/s",
    "power_kw": null,
    "generated_kw": null,
    "capacity": null,
    "connections": 1,
    "price": 4500
  },
  {
    "name": "Pipe Merger",
    "category": "Factory - Pipeline",
    "dimensions": "2m x 2m",
    "speed": "30 M/s",
    "power_kw": null,
    "generated_kw": null,
    "capacity": null,
    "connections": 1,
    "price": 5500
  },
  {
    "name": "Pipe Offset Left",
    "category": "Factory - Pipeline",
    "dimensions": "4m x 2m",
    "speed": "30 M/s",
    "power_kw": null,
    "generated_kw": null,
    "capacity": null,
    "connections": 1,
    "price": 2500
  },
  {
    "name": "Pipe Offset Right",
    "category": "Factory - Pipeline",
    "dimensions": "4m x 2m",
    "speed": "30 M/s",
    "power_kw": null,
    "generated_kw": null,
    "capacity": null,
    "connections": 1,
    "price": 2500
  },
  {
    "name": "Pipe Right 2m",
    "category": "Factory - Pipeline",
    "dimensions": "2m x 2m",
    "speed": "30 M/s",
    "power_kw": null,
    "generated_kw": null,
    "capacity": null,
    "connections": 1,
    "price": 4500
  },
  {
    "name": "Pipe Splitter",
    "category": "Factory - Pipeline",
    "dimensions": "2m x 2m",
    "speed": "30 M/s",
    "power_kw": null,
    "generated_kw": null,
    "capacity": null,
    "connections": 1,
    "price": 5500
  },
  {
    "name": "Pipe Straight 2m",
    "category": "Factory - Pipeline",
    "dimensions": "2m x 2m",
    "speed": "30 M/s",
    "power_kw": null,
    "generated_kw": null,
    "capacity": null,
    "connections": 1,
    "price": 1500
  },
  {
    "name": "Pipe Straight 4m",
    "category": "Factory - Pipeline",
    "dimensions": "4m x 2m",
    "speed": "30 M/s",
    "power_kw": null,
    "generated_kw": null,
    "capacity": null,
    "connections": 1,
    "price": 2500
  },
  {
    "name": "Pipe Straight 6m",
    "category": "Factory - Pipeline",
    "dimensions": "6m x 2m",
    "speed": "30 M/s",
    "power_kw": null,
    "generated_kw": null,
    "capacity": null,
    "connections": 1,
    "price": 3500
  },
  {
    "name": "Pipe Straight 8m",
    "category": "Factory - Pipeline",
    "dimensions": "8m x 2m ",
    "speed": "30 M/s",
    "power_kw": null,
    "generated_kw": null,
    "capacity": null,
    "connections": 1,
    "price": 4500
  },
  {
    "name": "Pipe Up 4x4",
    "category": "Factory - Pipeline",
    "dimensions": "4m x 4m",
    "speed": "30 M/s",
    "power_kw": null,
    "generated_kw": null,
    "capacity": null,
    "connections": 1,
    "price": 4500
  },
  {
    "name": "Pipe Up 8x4",
    "category": "Factory - Pipeline",
    "dimensions": "8m x 4m",
    "speed": "30 M/s",
    "power_kw": null,
    "generated_kw": null,
    "capacity": null,
    "connections": 1,
    "price": 4500
  },
  {
    "name": "Pipe Up 8x6",
    "category": "Factory - Pipeline",
    "dimensions": "8m x 6m ",
    "speed": "30 M/s",
    "power_kw": null,
    "generated_kw": null,
    "capacity": null,
    "connections": 1,
    "price": 4500
  },
  {
    "name": "Coal plant (3600 kW)",
    "category": "Factory - Power",
    "dimensions": null,
    "speed": null,
    "power_kw": null,
    "generated_kw": 3600,
    "capacity": null,
    "connections": 1,
    "price": 10000
  },
  {
    "name": "Coal plant (4200 kWh)",
    "category": "Factory - Power",
    "dimensions": null,
    "speed": null,
    "power_kw": null,
    "generated_kw": 4200,
    "capacity": null,
    "connections": 1,
    "price": 17500
  },
  {
    "name": "Generator Fuel",
    "category": "Factory - Power",
    "dimensions": null,
    "speed": null,
    "power_kw": null,
    "generated_kw": null,
    "capacity": null,
    "connections": 1,
    "price": 89
  },
  {
    "name": "Power Cable",
    "category": "Factory - Power",
    "dimensions": null,
    "speed": null,
    "power_kw": null,
    "generated_kw": null,
    "capacity": null,
    "connections": 1,
    "price": 10
  },
  {
    "name": "Power Generator 1600kW",
    "category": "Factory - Power",
    "dimensions": null,
    "speed": null,
    "power_kw": null,
    "generated_kw": 1600,
    "capacity": null,
    "connections": 1,
    "price": 15000
  },
  {
    "name": "Power Generator 2200kW",
    "category": "Factory - Power",
    "dimensions": null,
    "speed": null,
    "power_kw": null,
    "generated_kw": 2200,
    "capacity": null,
    "connections": 1,
    "price": 22000
  },
  {
    "name": "Power Generator 2800kW",
    "category": "Factory - Power",
    "dimensions": null,
    "speed": null,
    "power_kw": null,
    "generated_kw": 2800,
    "capacity": null,
    "connections": 1,
    "price": 32000
  },
  {
    "name": "Power Input 10x Speed",
    "category": "Factory - Power",
    "dimensions": "2m x 2m",
    "speed": "30 M/s",
    "power_kw": 600,
    "generated_kw": null,
    "capacity": null,
    "connections": 1,
    "price": 125000
  },
  {
    "name": "Power Input 1x Speed",
    "category": "Factory - Power",
    "dimensions": "2m x 2m",
    "speed": "30 M/s",
    "power_kw": 100,
    "generated_kw": null,
    "capacity": null,
    "connections": 1,
    "price": 1500
  },
  {
    "name": "Power Input 2x Speed",
    "category": "Factory - Power",
    "dimensions": "2m x 2m",
    "speed": "30 M/s",
    "power_kw": 150,
    "generated_kw": null,
    "capacity": null,
    "connections": 1,
    "price": 15000
  },
  {
    "name": "Power Input 3x Speed",
    "category": "Factory - Power",
    "dimensions": "2m x 2m",
    "speed": "30 M/s",
    "power_kw": 200,
    "generated_kw": null,
    "capacity": null,
    "connections": 1,
    "price": 25000
  },
  {
    "name": "Power Input 5x Speed",
    "category": "Factory - Power",
    "dimensions": "2m x 2m",
    "speed": "30 M/s",
    "power_kw": 300,
    "generated_kw": null,
    "capacity": null,
    "connections": 1,
    "price": 55000
  },
  {
    "name": "Power Pylon 1400kW",
    "category": "Factory - Power",
    "dimensions": null,
    "speed": null,
    "power_kw": null,
    "generated_kw": null,
    "capacity": 1400,
    "connections": 5,
    "price": 3500
  },
  {
    "name": "Power Pylon 1400kW (variant)",
    "category": "Factory - Power",
    "dimensions": null,
    "speed": null,
    "power_kw": null,
    "generated_kw": null,
    "capacity": 1400,
    "connections": 5,
    "price": 2800
  },
  {
    "name": "Power Pylon 3600kW",
    "category": "Factory - Power",
    "dimensions": null,
    "speed": null,
    "power_kw": null,
    "generated_kw": null,
    "capacity": 3600,
    "connections": 5,
    "price": 8200
  },
  {
    "name": "Power Pylon 3600kW (variant)",
    "category": "Factory - Power",
    "dimensions": null,
    "speed": null,
    "power_kw": null,
    "generated_kw": null,
    "capacity": 3600,
    "connections": 5,
    "price": 8000
  },
  {
    "name": "Power Pylon 5400kW",
    "category": "Factory - Power",
    "dimensions": null,
    "speed": null,
    "power_kw": null,
    "generated_kw": null,
    "capacity": 5400,
    "connections": 5,
    "price": 12000
  },
  {
    "name": "Power Pylon 5400kW (variant)",
    "category": "Factory - Power",
    "dimensions": null,
    "speed": null,
    "power_kw": null,
    "generated_kw": null,
    "capacity": 5400,
    "connections": 5,
    "price": 11000
  },
  {
    "name": "Power Pylon 600kW",
    "category": "Factory - Power",
    "dimensions": null,
    "speed": null,
    "power_kw": null,
    "generated_kw": null,
    "capacity": 600,
    "connections": 5,
    "price": 150
  },
  {
    "name": "Power Pylon 600kW (variant)",
    "category": "Factory - Power",
    "dimensions": null,
    "speed": null,
    "power_kw": null,
    "generated_kw": null,
    "capacity": 600,
    "connections": 5,
    "price": 120
  },
  {
    "name": "Solar Panel 300kW",
    "category": "Factory - Power",
    "dimensions": null,
    "speed": null,
    "power_kw": null,
    "generated_kw": 300,
    "capacity": null,
    "connections": 1,
    "price": 18900
  },
  {
    "name": "Solar Panel 500kW",
    "category": "Factory - Power",
    "dimensions": null,
    "speed": null,
    "power_kw": null,
    "generated_kw": 500,
    "capacity": null,
    "connections": 1,
    "price": 31500
  },
  {
    "name": "Solar Panel 700kW",
    "category": "Factory - Power",
    "dimensions": null,
    "speed": null,
    "power_kw": null,
    "generated_kw": 700,
    "capacity": null,
    "connections": 1,
    "price": 44100
  },
  {
    "name": "Wall Mounted Light",
    "category": "Factory - Power",
    "dimensions": null,
    "speed": null,
    "power_kw": 10,
    "generated_kw": null,
    "capacity": null,
    "connections": 2,
    "price": 1500
  },
  {
    "name": "Wind Turbine 1200kW",
    "category": "Factory - Power",
    "dimensions": null,
    "speed": null,
    "power_kw": null,
    "generated_kw": 1200,
    "capacity": null,
    "connections": 1,
    "price": 75600
  },
  {
    "name": "Wind Turbine 1800kW",
    "category": "Factory - Power",
    "dimensions": null,
    "speed": null,
    "power_kw": null,
    "generated_kw": 1800,
    "capacity": null,
    "connections": 1,
    "price": 113400
  },
  {
    "name": "Wind Turbine 800kW",
    "category": "Factory - Power",
    "dimensions": null,
    "speed": null,
    "power_kw": null,
    "generated_kw": 800,
    "capacity": null,
    "connections": 1,
    "price": 50400
  },
  {
    "name": "Asphalt Plant",
    "category": "Factory - Production",
    "dimensions": "8m x 4m",
    "speed": "30 M/s",
    "power_kw": 10,
    "generated_kw": null,
    "capacity": null,
    "connections": 1,
    "price": 7500
  },
  {
    "name": "Bar Roller",
    "category": "Factory - Production",
    "dimensions": "6m x 2m",
    "speed": "30 M/s",
    "power_kw": 32,
    "generated_kw": null,
    "capacity": null,
    "connections": 1,
    "price": 10000
  },
  {
    "name": "Beam Roller",
    "category": "Factory - Production",
    "dimensions": "10m x 2m",
    "speed": "30 M/s",
    "power_kw": 35,
    "generated_kw": null,
    "capacity": null,
    "connections": 1,
    "price": 8200
  },
  {
    "name": "Bloom Roller",
    "category": "Factory - Production",
    "dimensions": "10m x 2m",
    "speed": "30 M/s",
    "power_kw": 32,
    "generated_kw": null,
    "capacity": null,
    "connections": 1,
    "price": 10000
  },
  {
    "name": "Coal Screen",
    "category": "Factory - Production",
    "dimensions": "6m x 4m",
    "speed": "30 M/s",
    "power_kw": 55,
    "generated_kw": null,
    "capacity": null,
    "connections": 1,
    "price": 7500
  },
  {
    "name": "Coil Roller",
    "category": "Factory - Production",
    "dimensions": "10m x 2m",
    "speed": "30 M/s",
    "power_kw": 32,
    "generated_kw": null,
    "capacity": null,
    "connections": 1,
    "price": 10000
  },
  {
    "name": "Cone Crusher",
    "category": "Factory - Production",
    "dimensions": "4m x 4m",
    "speed": "30 M/s",
    "power_kw": 75,
    "generated_kw": null,
    "capacity": null,
    "connections": 1,
    "price": 55000
  },
  {
    "name": "Froth Floater",
    "category": "Factory - Production",
    "dimensions": "8m x 4m",
    "speed": "30 M/s",
    "power_kw": 55,
    "generated_kw": null,
    "capacity": null,
    "connections": 1,
    "price": 7500
  },
  {
    "name": "High Temp Smelter",
    "category": "Factory - Production",
    "dimensions": "10m x 2m",
    "speed": "30 M/s",
    "power_kw": 102,
    "generated_kw": null,
    "capacity": null,
    "connections": 1,
    "price": 10000
  },
  {
    "name": "High Temp Sorter",
    "category": "Factory - Production",
    "dimensions": "6m x 4m",
    "speed": "30 M/s",
    "power_kw": 55,
    "generated_kw": null,
    "capacity": null,
    "connections": 1,
    "price": 8200
  },
  {
    "name": "Jaw Crusher",
    "category": "Factory - Production",
    "dimensions": "4m x 4m ",
    "speed": "30 M/s",
    "power_kw": 65,
    "generated_kw": null,
    "capacity": null,
    "connections": 1,
    "price": 45000
  },
  {
    "name": "Oil Pump",
    "category": "Factory - Production",
    "dimensions": "2m x 2m",
    "speed": "30 M/s",
    "power_kw": 55,
    "generated_kw": null,
    "capacity": null,
    "connections": 1,
    "price": 1500
  },
  {
    "name": "Oil refinery",
    "category": "Factory - Production",
    "dimensions": "6m x 2m",
    "speed": "30 M/s",
    "power_kw": 100,
    "generated_kw": null,
    "capacity": null,
    "connections": 1,
    "price": 8400
  },
  {
    "name": "Plate Shear",
    "category": "Factory - Production",
    "dimensions": "10m x 2m",
    "speed": "30 M/s",
    "power_kw": 55,
    "generated_kw": null,
    "capacity": null,
    "connections": 1,
    "price": 8200
  },
  {
    "name": "Rod Roller",
    "category": "Factory - Production",
    "dimensions": "10m x 2m",
    "speed": "30 M/s",
    "power_kw": 35,
    "generated_kw": null,
    "capacity": null,
    "connections": 1,
    "price": 10000
  },
  {
    "name": "Shaker Screen",
    "category": "Factory - Production",
    "dimensions": "6m x 4m ",
    "speed": "30 M/s",
    "power_kw": 35,
    "generated_kw": null,
    "capacity": null,
    "connections": 1,
    "price": 7500
  },
  {
    "name": "Sluice box",
    "category": "Factory - Production",
    "dimensions": "8m x 4m",
    "speed": "30 M/s",
    "power_kw": 55,
    "generated_kw": null,
    "capacity": null,
    "connections": 1,
    "price": 7500
  },
  {
    "name": "Smelter",
    "category": "Factory - Production",
    "dimensions": "10m x 2m",
    "speed": "30 M/s",
    "power_kw": 0,
    "generated_kw": null,
    "capacity": null,
    "connections": 1,
    "price": 10000
  },
  {
    "name": "Trommel",
    "category": "Factory - Production",
    "dimensions": "8m x 4m",
    "speed": "30 M/s",
    "power_kw": 102,
    "generated_kw": null,
    "capacity": null,
    "connections": 1,
    "price": 7500
  },
  {
    "name": "Washplant",
    "category": "Factory - Production",
    "dimensions": "8m x 4m",
    "speed": "30 M/s",
    "power_kw": 0,
    "generated_kw": null,
    "capacity": null,
    "connections": 1,
    "price": 7500
  },
  {
    "name": "Water Pump",
    "category": "Factory - Production",
    "dimensions": "4m x 2m",
    "speed": "30 M/s",
    "power_kw": 100,
    "generated_kw": null,
    "capacity": null,
    "connections": 1,
    "price": 1500
  },
  {
    "name": "Water refinery",
    "category": "Factory - Production",
    "dimensions": "6m x 2m",
    "speed": "30 M/s",
    "power_kw": 55,
    "generated_kw": null,
    "capacity": null,
    "connections": 1,
    "price": 7800
  },
  {
    "name": "Metal Ore Sorter",
    "category": "Factory - Production",
    "dimensions": "6m x 4m",
    "speed": "30 M/s",
    "power_kw": 55,
    "generated_kw": null,
    "capacity": null,
    "connections": 1,
    "price": 8200
  }
]